alg,exp_id,b1,b2,b3,b4,b5,b6,b7,b8,b9,b10,b11,b12,b13,b14,b15,b16,b17,b18,b19,b20,b21,b22,b23,b24,b25,b26,b27,b28,b29,b30
IE,1,59,60,61,76,77,78,79,80,81,84,82,83,85,86,87,88,89,90,91,92,93,96,95,94,97,98,99,100,101,102
MEV-SFS,1,94,93,102,95,90,91,92,89,96,88,101,87,97,100,99,98,86,85,82,81,84,83,80,79,78,77,17,20,19,18
WaLuDi,1,73,74,75,76,77,78,79,80,81,82,83,84,85,86,87,8,9,10,11,12,13,14,15,97,98,99,100,101,102,0
PCA,1,1,2,3,5,0,6,8,4,102,10,7,9,11,82,100,13,14,12,16,15,20,21,84,17,18,101,97,19,83,99
FastICA,1,26,29,28,1,2,22,0,8,12,23,3,7,16,10,27,9,17,13,6,25,15,20,11,24,5,21,4,18,14,19
IE,2,58,76,88,59,81,89,65,84,91,90,60,87,85,86,92,64,61,75,95,63,62,98,93,94,96,99,100,97,101,102
MEV-SFS,2,90,94,93,87,91,89,88,86,92,95,102,96,101,85,97,81,82,100,99,98,84,80,83,79,78,77,76,62,61,63
WaLuDi,2,73,74,75,76,77,78,79,80,81,82,83,84,85,86,87,8,9,10,11,12,13,14,15,97,98,99,100,101,102,0
PCA,2,1,2,6,0,5,8,3,4,102,10,7,11,9,12,13,15,100,82,16,14,101,21,18,19,84,17,20,97,98,99
FastICA,2,25,0,8,7,29,13,4,2,10,3,15,16,9,12,23,18,27,22,5,1,26,17,20,24,21,11,28,6,14,19
IE,3,42,38,41,78,39,40,79,80,81,82,83,84,86,85,87,88,89,90,92,91,93,94,97,98,95,102,96,99,100,101
MEV-SFS,3,95,94,91,90,93,96,89,92,88,102,101,87,86,100,97,99,98,85,82,81,84,83,80,79,78,77,38,39,40,37
WaLuDi,3,73,74,75,76,77,78,79,80,81,82,83,84,85,86,87,8,9,10,11,12,13,14,15,97,98,99,100,101,102,0
PCA,3,1,2,3,5,6,0,8,4,7,9,102,10,11,12,13,15,100,14,82,16,84,18,17,21,20,101,99,97,83,19
FastICA,3,15,6,27,12,11,0,13,24,10,16,18,7,23,22,28,1,25,8,26,5,2,4,21,3,20,17,9,29,14,19
IE,4,58,59,56,55,77,78,79,80,81,82,83,84,85,87,86,88,89,90,92,91,93,94,95,96,97,99,98,102,100,101
MEV-SFS,4,94,95,90,91,93,92,89,96,102,88,87,101,86,97,100,99,98,85,82,81,84,83,80,79,78,77,17,18,19,16
WaLuDi,4,73,74,75,76,77,78,79,80,81,82,83,84,85,86,87,8,9,10,11,12,13,14,15,97,98,99,100,101,102,0
PCA,4,1,2,0,3,6,8,5,4,10,9,102,12,7,11,82,100,13,84,14,15,16,18,19,101,99,17,21,97,22,20
FastICA,4,11,7,2,13,0,23,17,27,4,18,8,21,6,1,16,24,10,28,26,3,12,5,25,15,20,22,29,9,14,19
IE,5,47,94,92,66,99,100,54,95,96,98,48,55,101,51,50,49,53,52,65,102,97,56,64,57,58,59,60,63,61,62
MEV-SFS,5,90,88,89,91,87,94,95,92,86,93,102,96,85,97,101,98,82,81,100,99,84,80,83,79,78,77,76,62,61,63
WaLuDi,5,73,74,75,76,77,78,79,80,81,82,83,84,85,86,87,8,9,10,11,12,13,14,15,97,98,99,100,101,102,0
PCA,5,1,2,5,3,0,6,8,4,9,7,102,10,12,11,100,13,82,16,15,14,84,18,21,101,17,19,99,20,83,97
FastICA,5,7,21,20,16,3,17,26,11,27,8,25,29,0,9,22,2,24,28,10,5,12,1,23,4,6,13,15,18,14,19
IE,6,85,86,87,82,88,55,56,89,60,101,90,65,59,94,93,92,91,95,58,57,61,98,97,100,96,62,102,64,99,63
MEV-SFS,6,90,91,89,94,93,92,88,87,95,86,96,102,97,99,82,85,101,100,98,81,84,80,83,79,78,77,63,62,61,64
WaLuDi,6,73,74,75,76,77,78,79,80,81,82,83,84,85,86,87,8,9,10,11,12,13,14,15,97,98,99,100,101,102,0
PCA,6,1,2,5,3,0,6,8,4,10,102,7,9,12,14,100,13,11,15,82,16,18,84,19,21,17,101,20,83,99,22
FastICA,6,15,13,9,2,0,4,20,26,11,6,16,27,10,12,22,21,24,5,23,7,17,1,25,18,8,29,28,3,14,19
IE,7,75,100,101,95,97,99,46,96,49,48,98,47,102,50,55,54,66,51,56,52,53,59,57,58,60,65,61,64,63,62
MEV-SFS,7,95,87,90,88,94,89,91,86,93,102,96,92,85,97,101,98,99,100,82,81,84,83,80,79,78,77,62,61,63,60
WaLuDi,7,73,74,75,76,77,78,79,80,81,82,83,84,85,86,87,8,9,10,11,12,13,14,15,97,98,99,100,101,102,0
PCA,7,1,2,3,0,5,6,8,4,102,10,9,12,7,13,11,82,100,16,18,14,15,84,19,21,17,99,20,101,97,22
FastICA,7,12,3,25,21,17,24,6,7,29,9,10,23,27,5,16,2,4,8,0,11,22,15,26,28,20,1,18,13,14,19
IE,8,91,93,94,101,100,98,95,54,47,55,96,53,102,66,48,97,52,51,56,50,49,57,59,58,60,65,61,64,62,63
MEV-SFS,8,90,91,94,93,88,95,89,87,92,86,96,102,97,85,101,98,100,99,82,81,84,83,80,79,78,62,63,61,60,59
WaLuDi,8,73,74,75,76,77,78,79,80,81,82,83,84,85,86,87,8,9,10,11,12,13,14,15,97,98,99,100,101,102,0
PCA,8,1,2,5,8,0,3,6,4,10,7,11,9,102,12,100,13,15,14,16,82,18,101,21,19,84,17,97,20,99,98
FastICA,8,26,29,20,5,8,11,25,6,3,1,28,10,12,7,16,2,23,22,27,9,4,0,17,21,24,15,18,13,19,14
A2C,1,83,98,79,59,69,74,90,28,99,81,39,80,91,56,70,82,45,84,93,89,5,54,60,43,62,102,95,18,26,76
A2C,2,75,90,99,35,58,50,78,66,82,94,29,16,2,48,70,92,13,85,87,0,20,19,95,31,84,74,71,10,77,46
A2C,3,88,74,53,1,70,99,81,84,29,6,87,35,45,47,30,90,93,72,95,94,68,83,98,12,20,33,43,50,34,19
A2C,4,99,86,97,83,89,84,87,102,6,93,96,35,90,70,60,71,54,62,81,77,79,4,58,91,85,50,37,32,23,11
A2C,5,80,83,89,94,72,40,85,78,35,79,97,71,102,74,95,84,51,96,86,54,75,20,28,88,56,19,81,52,53,37
A2C,6,28,93,80,69,0,94,79,78,82,92,19,10,29,96,49,67,73,77,26,86,48,56,89,90,81,102,50,54,30,100
A2C,7,93,99,97,96,70,84,27,71,7,51,32,33,31,36,29,48,65,44,22,49,81,80,100,90,66,41,89,87,88,91
A2C,8,47,73,66,0,87,99,26,15,74,83,19,11,55,85,96,36,81,78,71,35,77,25,31,42,90,100,69,14,82,60
DRL,1,79,93,80,91,99,74,102,97,25,2,90,43,42,40,63,60,56,89,39,6,4,37,64,17,16,30,50,35,57,1
DRL,2,79,93,80,91,99,74,102,97,25,2,90,43,42,40,63,60,56,89,39,6,4,37,64,17,16,30,50,35,57,1
DRL,3,79,93,80,91,99,74,102,97,25,2,90,43,42,40,63,60,56,89,39,6,4,37,64,17,16,30,50,35,57,1
DRL,4,79,93,80,91,99,74,102,97,25,2,90,43,42,40,63,60,56,89,39,6,4,37,64,17,16,30,50,35,57,1
DRL,5,79,93,80,91,99,74,102,97,25,2,90,43,42,40,63,60,56,89,39,6,4,37,64,17,16,30,50,35,57,1
DRL,6,79,93,80,91,99,74,102,97,25,2,90,43,42,40,63,60,56,89,39,6,4,37,64,17,16,30,50,35,57,1
DRL,7,79,93,80,91,99,74,102,97,25,2,90,43,42,40,63,60,56,89,39,6,4,37,64,17,16,30,50,35,57,1
DRL,8,79,93,80,91,99,74,102,97,25,2,90,43,42,40,63,60,56,89,39,6,4,37,64,17,16,30,50,35,57,1
PPO,1,45,73,98,25,97,74,86,83,101,94,95,37,38,75,79,71,89,99,76,96,88,102,100,85,93,84,70,34,6,90
PPO,2,83,88,86,75,100,90,94,78,93,64,33,68,80,76,98,97,71,69,27,99,70,77,92,62,73,74,87,82,6,89
PPO,3,86,100,70,101,74,99,77,87,30,98,94,72,85,90,84,73,69,92,33,75,82,97,11,76,71,88,80,78,56,102
PPO,4,77,90,88,91,99,72,95,87,68,98,86,73,74,97,75,100,70,71,38,92,85,4,82,93,76,101,51,81,96,94
PPO,5,89,101,97,80,99,36,77,72,93,92,13,73,95,98,33,78,90,85,91,66,84,88,57,96,75,81,71,51,100,86
PPO,6,82,101,98,85,77,74,89,93,83,87,75,67,70,81,95,52,94,90,32,79,72,97,84,86,92,27,28,29,99,71
PPO,7,102,84,101,67,74,86,83,97,51,58,98,70,71,80,37,88,75,78,87,85,95,73,54,72,81,99,91,79,29,90
PPO,8,30,72,100,76,82,80,86,98,96,95,63,88,74,93,71,61,99,49,94,81,89,85,83,75,84,55,90,102,21,69
DQN,1,6,1,69,61,37,82,86,20,95,53,24,40,21,44,2,10,7,27,5,65,32,45,4,14,33,59,89,43,50,28
DQN,2,87,25,101,100,58,23,42,1,94,65,69,22,11,75,98,39,40,41,92,53,9,93,45,31,88,84,76,61,80,102
DQN,3,20,101,99,1,67,66,80,76,68,65,30,84,72,82,2,96,25,78,0,24,14,70,95,86,46,27,32,37,15,40
DQN,4,99,6,92,93,94,100,70,67,49,51,95,26,73,44,35,87,10,80,97,2,30,53,29,24,79,32,85,78,89,57
DQN,5,8,96,67,47,90,58,33,74,85,46,82,72,68,32,88,24,1,31,61,86,98,79,37,60,97,48,53,50,77,4
DQN,6,100,42,88,3,7,23,57,87,8,11,75,48,50,36,28,44,62,26,91,77,70,61,13,81,19,30,18,27,24,78
DQN,7,99,94,100,22,68,7,102,82,78,27,42,50,64,31,51,54,13,9,80,28,89,63,97,91,23,3,70,14,71,11
DQN,8,92,54,6,99,57,3,36,88,75,22,12,19,4,50,93,13,18,80,14,33,28,16,32,69,60,89,72,15,95,27