alg,exp_id,1,2,3,4,5,6,7,8,9,10,11,12,13,14,15,16,17,18,19,20,21,22,23,24,25,26,27,28,29,30
A2C,1,266,127,168,224,256,154,219,175,194,195,29,178,230,185,82,2,138,191,244,214,264,13,100,196,10,249,89,85,88,117
A2C,2,13,21,208,73,238,159,214,75,83,97,0,196,96,161,150,89,177,85,162,245,269,221,14,192,207,188,129,174,12,95
A2C,3,189,155,209,157,254,145,233,161,104,51,82,159,101,142,85,218,123,185,8,95,144,12,47,57,263,139,56,220,88,124
A2C,4,214,87,95,205,211,97,153,220,230,178,215,83,125,15,129,139,4,180,173,118,105,29,21,121,172,255,203,152,74,72
A2C,5,174,182,269,239,237,208,194,54,124,229,181,188,14,16,94,204,45,1,255,13,240,159,177,253,235,50,133,199,254,132
A2C_L2.0,42,0,180,110,248,128,104,165,225,172,183,192,260,236,178,48,197,202,203,106,30,139,190,144,187,88,221,244,198,84,3
A2C_L3.0,42,0,180,116,133,128,165,64,168,172,269,249,181,200,201,105,30,139,190,144,187,88,219,240,196,84,3,146,204,255,226
A2C_L3.0,123,163,60,257,132,101,146,198,224,247,234,253,255,73,81,95,0,94,161,151,87,178,83,162,245,220,13,207,128,12,93
A2C_L3.0,456,228,31,43,29,40,199,77,108,153,156,267,234,255,110,55,186,87,6,165,107,149,91,130,191,9,101,13,52,62,268
A2C_L3.0,789,178,166,140,112,6,257,103,244,75,199,142,239,216,85,126,16,130,141,4,183,176,119,105,30,22,122,175,256,207,155
A2C_L3.0,1000,44,199,48,101,190,209,181,167,257,214,188,262,230,56,127,241,28,162,187,195,14,247,16,97,212,47,1,265,13,248
A2C_L4.0,42,0,180,219,133,128,165,259,168,172,268,260,178,249,198,199,104,30,137,188,142,185,87,217,239,194,83,3,144,202,254
A2C_L5.0,42,0,180,116,133,128,165,259,241,172,254,137,260,249,179,48,196,201,202,105,30,140,190,145,187,88,220,242,197,84,3
DQN,1,209,143,259,196,179,156,237,220,167,211,264,181,247,192,268,216,222,187,136,257,226,148,198,236,64,178,203,164,210,65
DQN,2,259,182,166,93,250,181,179,240,158,202,224,147,138,175,218,215,261,243,151,204,152,184,153,163,236,210,169,197,229,72
DQN,3,69,192,244,243,265,169,139,245,239,223,168,222,233,229,149,255,135,203,253,181,193,250,182,167,154,215,75,184,142,186
DQN,4,130,188,168,155,247,191,176,174,194,150,159,265,223,158,156,200,202,208,249,257,183,205,160,178,248,143,195,234,240,216
DQN,5,190,91,148,259,257,183,203,206,228,180,224,209,160,175,158,211,247,149,256,264,110,66,85,223,162,230,88,254,210,222
DQN_L2.0,42,258,91,242,137,37,232,40,215,136,21,159,6,143,52,162,25,184,64,119,158,151,236,164,99,199,128,213,209,186,263
DQN_L3.0,42,252,47,106,180,192,118,248,93,97,177,170,2,200,169,44,8,13,1,210,19,60,132,161,198,58,90,48,215,117,38
DQN_L4.0,42,145,130,68,86,61,177,196,197,268,219,261,248,195,121,151,245,89,83,180,108,29,141,191,147,188,91,94,222,224,246
DQN_L5.0,42,212,8,185,27,181,109,175,95,112,71,97,229,152,26,38,83,111,122,157,258,234,132,138,142,200,194,32,40,29,133
DQN_L5.0,123,269,12,170,74,22,95,140,191,130,73,258,9,145,77,201,105,247,101,90,80,260,149,245,174,183,254,151,8,264,48
DQN_L5.0,456,189,37,105,74,50,7,57,35,247,198,237,240,11,24,185,10,114,83,194,183,162,34,182,195,209,63,224,206,60,124
DQN_L5.0,789,176,99,37,205,41,27,110,255,146,215,86,202,24,196,128,15,132,65,0,240,200,36,101,234,147,53,33,175,117,208
DQN_L5.0,1000,235,10,26,152,97,110,194,82,63,73,121,106,267,146,56,247,104,239,70,140,124,181,45,246,158,226,151,203,79,230
DRL_Final,999,40,114,24,227,2,52,207,203,75,229,192,257,48,196,172,89,178,153,124,19,28,46,47,267,85,200,171,12,186,247
DRL_Fixed,999,234,79,265,86,239,88,233,255,31,73,110,37,67,57,199,20,267,203,54,209,140,61,45,16,194,18,95,146,225,137
FastICA,1,7,12,29,11,27,3,23,19,22,25,0,5,2,24,8,10,26,13,4,28,1,15,18,17,9,21,16,14,20,6
FastICA,2,28,29,25,26,1,27,11,16,12,6,5,2,9,8,13,0,20,4,7,23,24,17,22,10,21,3,14,15,19,18
FastICA,3,7,24,1,19,10,15,2,12,11,13,3,28,29,6,25,20,0,4,9,21,14,16,22,27,23,18,17,8,26,5
FastICA,4,3,12,23,25,5,0,11,9,2,22,21,10,27,29,14,24,15,28,13,6,16,26,8,18,19,4,17,1,20,7
FastICA,5,12,29,0,6,19,24,23,28,4,1,22,11,9,10,16,14,13,8,15,27,18,7,25,21,5,17,3,2,20,26
FastICA,6,19,6,7,26,21,0,22,23,2,15,5,4,25,24,9,13,16,8,14,3,28,27,12,29,11,18,20,17,10,1
FastICA,7,1,25,5,26,7,15,8,3,4,27,13,0,24,28,23,10,9,29,11,6,14,19,21,22,2,12,18,20,17,16
FastICA,8,9,21,18,28,8,11,20,22,17,16,5,25,12,2,1,7,19,4,23,6,14,3,26,0,29,24,15,10,13,27
IE,1,211,192,193,162,205,151,219,214,221,149,237,210,231,213,226,207,229,182,150,196,175,174,212,232,217,218,223,227,222,216
IE,2,218,173,208,184,200,178,198,213,182,197,199,220,177,181,219,207,185,195,217,204,205,206,211,214,216,201,196,225,210,215
IE,3,169,237,187,196,222,212,200,190,189,214,215,211,204,219,188,213,203,197,227,198,223,205,216,218,206,209,217,210,208,207
IE,4,225,170,199,201,172,220,187,221,182,200,209,204,192,183,173,174,184,181,193,175,219,186,205,213,217,185,210,214,216,215
IE,5,232,190,171,185,172,219,213,231,173,218,193,174,211,202,200,175,186,192,204,208,201,205,214,203,209,191,223,221,210,217
IE,6,215,223,174,209,213,191,231,179,185,225,232,190,189,158,206,208,201,203,182,159,181,192,184,202,219,204,214,220,221,207
IE,7,195,230,226,232,158,223,209,203,184,181,211,233,222,171,218,182,169,219,198,170,212,196,204,225,213,220,231,214,197,205
IE,8,174,209,181,195,225,220,218,210,177,154,192,197,201,216,215,175,223,171,205,224,149,194,222,221,219,235,193,191,217,211
PCA,1,269,267,262,264,265,260,259,254,236,257,232,237,229,255,233,228,238,251,263,234,239,225,266,252,258,219,256,222,218,246
PCA,2,269,267,262,264,260,265,259,254,257,236,255,238,237,232,233,263,252,234,266,251,228,258,225,256,222,239,229,261,221,235
PCA,3,269,267,262,260,264,265,259,254,257,236,255,232,233,237,263,238,222,234,266,225,251,258,256,224,218,219,252,228,261,221
PCA,4,269,267,262,260,264,265,259,236,254,238,255,237,257,221,263,266,251,232,225,233,252,222,220,256,239,261,258,218,224,228
PCA,5,269,267,262,264,260,265,259,254,257,233,255,238,251,221,236,225,234,263,228,237,232,252,266,239,222,229,261,258,248,220
PCA,6,269,267,262,260,265,264,259,254,257,255,236,221,251,239,263,237,238,233,266,252,258,234,225,232,222,256,261,228,229,224
PCA,7,269,267,262,264,260,259,265,254,238,257,232,236,234,255,266,251,263,235,237,233,225,258,239,222,218,256,261,224,228,252
PCA,8,269,267,262,260,265,264,259,254,255,257,233,238,236,237,222,263,258,225,252,234,232,239,266,251,223,228,227,226,256,261
PPO,1,205,231,236,185,255,169,173,193,190,195,29,176,229,183,219,82,2,137,191,198,247,216,267,259,13,155,100,197,10,253
PPO,2,183,231,223,151,167,72,240,173,80,189,146,94,0,209,93,159,148,86,195,153,178,82,182,161,250,222,241,252,226,13
PPO,3,189,240,242,251,201,104,161,51,82,156,101,207,166,142,85,230,123,170,184,8,95,12,47,57,192,264,139,56,219,88
PPO,4,214,269,163,154,161,266,202,221,179,236,206,213,189,83,173,122,15,126,136,4,229,191,180,172,115,102,29,21,118,144
PPO,5,174,269,207,54,124,237,181,195,187,183,14,16,221,170,94,205,45,1,255,13,240,159,178,236,50,133,132,233,168,251
PPO_L2.0,42,218,250,144,173,192,193,29,176,248,208,226,260,229,184,183,262,82,251,253,265,244,258,188,65,239,93,168,111,2,59
PPO_L3.0,42,20,123,144,175,248,143,99,171,209,252,61,260,156,227,249,160,173,269,250,265,179,152,174,65,239,93,36,121,199,208
PPO_L4.0,42,20,123,144,175,143,195,259,171,209,252,227,260,245,80,257,160,199,204,263,258,177,152,174,65,239,208,36,74,108,30
PPO_L4.0,123,242,203,255,245,72,80,94,0,251,258,157,264,142,10,55,267,252,96,257,198,166,201,161,187,26,151,39,136,91,21
PPO_L4.0,456,228,264,4,105,52,179,82,259,156,226,180,92,161,235,232,269,245,243,196,250,124,252,167,210,187,117,38,142,178,44
PPO_L4.0,789,182,268,208,264,83,122,15,126,119,240,223,4,148,136,105,249,172,258,247,145,253,40,175,233,212,168,192,257,184,177
PPO_L4.0,1000,176,136,152,190,215,181,192,210,231,216,59,214,257,212,254,186,139,202,268,267,241,220,60,164,251,200,83,140,89,54
PPO_L5.0,42,0,123,266,138,175,194,241,112,250,207,106,260,156,198,104,160,165,251,4,57,80,168,247,153,239,93,36,27,199,32
WaLuDi,1,40,41,42,43,44,45,46,47,32,33,34,35,36,37,38,39,257,258,259,260,261,262,263,264,265,266,267,268,269,0
WaLuDi,2,40,41,42,43,44,45,46,47,32,33,34,35,36,37,38,39,257,258,259,260,261,262,263,264,265,266,267,268,269,0
WaLuDi,3,40,41,42,43,44,45,46,47,32,33,34,35,36,37,38,39,257,258,259,260,261,262,263,264,265,266,267,268,269,0
WaLuDi,4,40,41,42,43,44,45,46,47,32,33,34,35,36,37,38,39,257,258,259,260,261,262,263,264,265,266,267,268,269,0
WaLuDi,5,40,41,42,43,44,45,46,47,32,33,34,35,36,37,38,39,257,258,259,260,261,262,263,264,265,266,267,268,269,0
WaLuDi,6,40,41,42,43,44,45,46,47,32,33,34,35,36,37,38,39,257,258,259,260,261,262,263,264,265,266,267,268,269,0
WaLuDi,7,40,41,42,43,44,45,46,47,32,33,34,35,36,37,38,39,257,258,259,260,261,262,263,264,265,266,267,268,269,0
WaLuDi,8,40,41,42,43,44,45,46,47,32,33,34,35,36,37,38,39,257,258,259,260,261,262,263,264,265,266,267,268,269,0
MEV-SFS,1,159,158,157,160,156,169,170,171,168,172,155,173,174,154,175,176,167,153,177,161,178,180,179,182,181,183,152,184,185,151
MEV-SFS,2,159,158,157,160,156,169,170,171,172,168,155,173,174,154,175,176,167,153,177,178,161,179,180,181,182,183,152,184,185,151
MEV-SFS,3,159,158,157,160,156,169,170,171,168,172,155,173,174,154,175,167,176,153,177,178,161,180,179,181,182,183,184,152,185,151
MEV-SFS,4,159,158,157,160,169,170,156,171,172,168,173,155,174,154,175,176,167,153,177,178,161,180,181,179,182,183,184,152,185,200
MEV-SFS,5,159,158,157,160,156,169,170,171,172,168,155,173,174,154,175,176,167,177,153,178,161,179,180,181,182,183,184,152,185,201
MEV-SFS,6,159,158,157,156,160,169,170,171,168,172,155,173,174,154,175,176,167,153,177,178,179,161,180,181,182,183,184,152,185,151
MEV-SFS,7,159,158,157,160,156,169,170,171,168,172,155,173,174,154,175,176,167,153,177,161,178,180,182,181,179,183,184,152,185,151
MEV-SFS,8,159,158,157,160,156,169,170,171,168,172,155,173,174,154,175,176,167,153,177,178,161,179,180,181,182,183,152,184,185,151
